Workbook

Sheet Danh_sach
A1: STT | B1: Họ và tên | C1: Email | D1: SĐT | E1: Nguồn đăng ký | F1: Khóa học quan tâm | G1: Khoa | H1: Ngày đăng ký | I1: Trạng thái | J1: Họ tên (đã TRIM)
A2: 1 | B2: Bùi Thanh Trang | C2: bui.thanh.trang76@gmail.com | D2: 0914098086 | E2: Google Form | F2: Marketing Online | G2: Kinh tế | H2: 45432 | I2: Đã xác nhận | J2: =TRIM(SUBSTITUTE(B2,CHAR(160)," ")) -> Bùi Thanh Trang
A3: 2 | B3: Lê Thị Trang | C3: le.thi.trang77@gmail.com | D3: 0938599992 | E3: Google Form | F3: Java | G3: Kinh tế | H3: 45418 | I3: Chờ xác nhận | J3: =TRIM(SUBSTITUTE(B3,CHAR(160)," ")) -> Lê Thị Trang
A4: 3 | B4: Ngô Văn Vy | C4: ngo.van.vy31@gmail.com | D4: 0971504702 | E4: Google Form | F4: Python | G4: CNTT | H4: 45431 | I4: Đã xác nhận | J4: =TRIM(SUBSTITUTE(B4,CHAR(160)," ")) -> Ngô Văn Vy
A5: 4 | B5: Phạm Thanh Khoa | C5: pham.thanh.khoa1@gmail.com | D5: 0352425874 | E5: Facebook Ads | F5: UI/UX Design | G5: Thiết kế | H5: 45430 | I5: Đã xác nhận | J5: =TRIM(SUBSTITUTE(B5,CHAR(160)," ")) -> Phạm Thanh Khoa
A6: 5 | B6: Trần Thu Nam | C6: tran.thu.nam4@gmail.com | D6: 0902810713 | E6: Facebook Ads | F6: Data Science | G6: CNTT | H6: 45425 | I6: Chờ xác nhận | J6: =TRIM(SUBSTITUTE(B6,CHAR(160)," ")) -> Trần Thu Nam
A7: 6 | B7: Trần Văn An | C7: tran.van.an7@gmail.com | D7: 0937299227 | E7: Zalo OA | F7: Data Science | G7: CNTT | H7: 45415 | I7: Đã xác nhận | J7: =TRIM(SUBSTITUTE(B7,CHAR(160)," ")) -> Trần Văn An
A8: 7 | B8: Ngô Quốc Lan | C8: ngo.quoc.lan2@gmail.com | D8: 0932979571 | E8: Website | F8: Java | G8: Ngoại ngữ | H8: 45413 | I8: Chờ xác nhận | J8: =TRIM(SUBSTITUTE(B8,CHAR(160)," ")) -> Ngô Quốc Lan
A9: 8 | B9: Nguyễn Đức Tuấn | C9: nguyen.duc.tuan25@gmail.com | D9: 0939537345 | E9: Website | F9: Data Science | G9: CNTT | H9: 45417 | I9: Chờ xác nhận | J9: =TRIM(SUBSTITUTE(B9,CHAR(160)," ")) -> Nguyễn Đức Tuấn
A10: 9 | B10: Đặng Ngọc Dũng | C10: dang.ngoc.dung28@gmail.com | D10: 0905526408 | E10: Zalo OA | F10: Marketing Online | G10: Kinh tế | H10: 45431 | I10: Đã hủy | J10: =TRIM(SUBSTITUTE(B10,CHAR(160)," ")) -> Đặng Ngọc Dũng
A11: 10 | B11: Hoàng Văn Hùng | C11: hoang.van.hung78@gmail.com | D11: 0352683304 | E11: Website | F11: Data Science | G11: CNTT | H11: 45427 | I11: Đã xác nhận | J11: =TRIM(SUBSTITUTE(B11,CHAR(160)," ")) -> Hoàng Văn Hùng
A12: 11 | B12: Hoàng Văn Nam | C12: hoang.van.nam10@gmail.com | D12: 0904501963 | E12: Facebook Ads | F12: Java | G12: CNTT | H12: 45432 | I12: Đã xác nhận | J12: =TRIM(SUBSTITUTE(B12,CHAR(160)," ")) -> Hoàng Văn Nam
A13: 12 | B13: Vũ Hoàng Trang | C13: vu.hoang.trang62@gmail.com | D13: 0973277304 | E13: Zalo OA | F13: Data Science | G13: CNTT | H13: 45417 | I13: Đã xác nhận | J13: =TRIM(SUBSTITUTE(B13,CHAR(160)," ")) -> Vũ Hoàng Trang
... A201: 200 | B201: Phạm Văn Quân | C201: pham.van.quan84@gmail.com | D201: 0972845727 | E201: Zalo OA | F201: Marketing Online | G201: Kinh tế | H201: 45427 | I201: Đã xác nhận | J201: =TRIM(SUBSTITUTE(B201,CHAR(160)," ")) -> Phạm Văn Quân

Sheet Thong_ke
A1: Nguồn đăng ký | B1: Số lượng | C1: Tỷ lệ | E1: Ghi chú
A2: Website | B2: =COUNTIF(Danh_sach!$E$2:$E$201,A2) -> 67 | C2: =B2/B$6 -> 0.335 | E2: Danh_sach: hàng 1 là Header Row duy nhất, không có dòng tổng giữa dữ liệu.
A3: Facebook Ads | B3: =COUNTIF(Danh_sach!$E$2:$E$201,A3) -> 48 | C3: =B3/B$6 -> 0.24 | E3: Đang bật AutoFilter (Ctrl+Shift+L) với 2 điều kiện: Khóa học = Python và Khoa = CNTT.
A4: Google Form | B4: =COUNTIF(Danh_sach!$E$2:$E$201,A4) -> 47 | C4: =B4/B$6 -> 0.235 | E4: Xóa lọc: Data > Clear. Tắt/bật bộ lọc: Ctrl+Shift+L.
A5: Zalo OA | B5: =COUNTIF(Danh_sach!$E$2:$E$201,A5) -> 38 | C5: =B5/B$6 -> 0.19 | E5: Dữ liệu 200 đăng ký là mẫu minh họa; một số họ tên cố ý thừa khoảng trắng để kiểm thử TRIM.
A6: Tổng | B6: =SUM(B2:B5) -> 200 | C6: =SUM(C2:C5) -> 1
A8: Trạng thái | B8: Số lượng | C8: Tỷ lệ
A9: Đã xác nhận | B9: =COUNTIF(Danh_sach!$I$2:$I$201,A9) -> 123 | C9: =B9/B$12 -> 0.615
A10: Chờ xác nhận | B10: =COUNTIF(Danh_sach!$I$2:$I$201,A10) -> 55 | C10: =B10/B$12 -> 0.275
A11: Đã hủy | B11: =COUNTIF(Danh_sach!$I$2:$I$201,A11) -> 22 | C11: =B11/B$12 -> 0.11
A12: Tổng | B12: =SUM(B9:B11) -> 200 | C12: =SUM(C9:C11) -> 1
A14: Kiểm tra bộ lọc | B14: Giá trị
A15: Số dòng đang hiển thị (SUBTOTAL) | B15: =SUBTOTAL(103,Danh_sach!$A$2:$A$201) -> 25
A16: Python và CNTT (COUNTIFS) | B16: =COUNTIFS(Danh_sach!$F$2:$F$201,"Python",Danh_sach!$G$2:$G$201,"CNTT") -> 25
